{
  "intercept": -1.6620512575169786,
  "dist": -0.13207791457394472,
  "angle": -0.015198801116100197,
  "dist\u00b2": -0.0017835806931140222,
  "angle\u00b2": 0.3670639471418494,
  "dist\u00d7angle": 0.310975291765764,
  "header": -1.0809745773154238,
  "penalty": 1.5366599004387425,
  "pressure": -0.49697810237029866
}